{
  "gravity": {
    "x": 0,
    "y": 0,
    "z": -15
  },
  "character_name": "Player",
  "objects": [
    {
      "name": "Emitter",
      "instanced_components": [
        {
          "$typeName": "TransformComponent",
          "$context": {
            "transform": {
              "position": {
                "x": 32,
                "y": 11,
                "z": 3
              },
              "rotation": {
                "w": 0.46944212913513184,
                "x": 0,
                "y": 0,
                "z": 0.88296324014663696
              },
              "scale": {
                "x": 1,
                "y": 1,
                "z": 1
              }
            }
          }
        }
      ],
      "definition": "asset/objects/environment/particle/particle.object.json"
    },
    {
      "name": "Player",
      "instanced_components": [
        {
          "$typeName": "TransformComponent",
          "$context": {
            "transform": {
              "position": {
                "x": 3,
                "y": 3,
                "z": 0
              },
              "rotation": {
                "w": 0.70710678118654752,
                "x": 0,
                "y": 0,
                "z": 0.70710678118654752
              },
              "scale": {
                "x": 1,
                "y": 1,
                "z": 1
              }
            }
          }
        }
      ],
      "definition": "asset/objects/character/player/player.object.json"
    },
    {
      "name": "Wall_1",
      "instanced_components": [
        {
          "$context": {
            "transform": {
              "position": {
                "x": 1.94597,
                "y": -0.38554,
                "z": 0
              },
              "rotation": {
                "x": 0,
                "y": 0,
                "z": -0.707683,
                "w": 0.70653
              },
              "scale": {
                "x": 0.999993,
                "y": 0.999993,
                "z": 1
              }
            }
          },
          "$typeName": "TransformComponent"
        }
      ],
      "definition": "asset/objects/environment/wall/wall.object.json"
    },
    {
      "name": "Wall_2",
      "instanced_components": [
        {
          "$context": {
            "transform": {
              "position": {
                "x": -7.9951,
                "y": -0.38554,
                "z": 0
              },
              "rotation": {
                "x": 0,
                "y": 0,
                "z": -0.707683,
                "w": 0.70653
              },
              "scale": {
                "x": 0.999918,
                "y": 0.999918,
                "z": 1
              }
            }
          },
          "$typeName": "TransformComponent"
        }
      ],
      "definition": "asset/objects/environment/wall/wall.object.json"
    },
    {
      "name": "Wall_3",
      "instanced_components": [
        {
          "$context": {
            "transform": {
              "position": {
                "x": -14.2042,
                "y": -0.38554,
                "z": 0
              },
              "rotation": {
                "x": 0,
                "y": 0,
                "z": -0.707683,
                "w": 0.70653
              },
              "scale": {
                "x": 0.999902,
                "y": 0.999902,
                "z": 1
              }
            }
          },
          "$typeName": "TransformComponent"
        }
      ],
      "definition": "asset/objects/environment/wall/wall.object.json"
    },
    {
      "name": "Wall_4",
      "definition": "asset/objects/environment/wall/wall.object.json",
      "instanced_components": [
        {
          "$context": {
            "transform": {
              "position": {
                "x": -23.9528,
                "y": 8.1511,
                "z": 0
              },
              "rotation": {
                "x": 0,
                "y": 0,
                "z": -0.707683,
                "w": 0.70653
              },
              "scale": {
                "x": 0.999856,
                "y": 0.999856,
                "z": 1
              }
            }
          },
          "$typeName": "TransformComponent"
        }
      ]
    },
    {
      "name": "Wall_5",
      "definition": "asset/objects/environment/wall/wall.object.json",
      "instanced_components": [
        {
          "$context": {
            "transform": {
              "position": {
                "x": -31.1963,
                "y": 8.1511,
                "z": 0
              },
              "rotation": {
                "x": 0,
                "y": 0,
                "z": -0.707683,
                "w": 0.70653
              },
              "scale": {
                "x": 0.999829,
                "y": 0.999829,
                "z": 1
              }
            }
          },
          "$typeName": "TransformComponent"
        }
      ]
    },
    {
      "name": "Wall_6",
      "definition": "asset/objects/environment/wall/wall.object.json",
      "instanced_components": [
        {
          "$context": {
            "transform": {
              "position": {
                "x": -31.1344,
                "y": -6.53789,
                "z": 0
              },
              "rotation": {
                "x": 0,
                "y": 0,
                "z": -0.707683,
                "w": 0.70653
              },
              "scale": {
                "x": 0.999829,
                "y": 0.839828,
                "z": 1
              }
            }
          },
          "$typeName": "TransformComponent"
        }
      ]
    },
    {
      "name": "Wall_7",
      "definition": "asset/objects/environment/wall/wall.object.json",
      "instanced_components": [
        {
          "$context": {
            "transform": {
              "position": {
                "x": -0.294272,
                "y": -16.3531,
                "z": 0
              },
              "rotation": {
                "x": 0,
                "y": 0,
                "z": -0.707683,
                "w": 0.70653
              },
              "scale": {
                "x": 0.999829,
                "y": 0.999829,
                "z": 1
              }
            }
          },
          "$typeName": "TransformComponent"
        }
      ]
    },
    {
      "name": "Wall_8",
      "definition": "asset/objects/environment/wall/wall.object.json",
      "instanced_components": [
        {
          "$context": {
            "transform": {
              "position": {
                "x": 6.32963,
                "y": -16.3531,
                "z": 0
              },
              "rotation": {
                "x": 0,
                "y": 0,
                "z": -0.707683,
                "w": 0.70653
              },
              "scale": {
                "x": 0.999829,
                "y": 0.999829,
                "z": 1
              }
            }
          },
          "$typeName": "TransformComponent"
        }
      ]
    },
    {
      "name": "Wall_9",
      "definition": "asset/objects/environment/wall/wall.object.json",
      "instanced_components": [
        {
          "$context": {
            "transform": {
              "position": {
                "x": 28.1092,
                "y": -9.2787,
                "z": 0
              },
              "rotation": {
                "x": 0,
                "y": 0,
                "z": -0.707683,
                "w": 0.70653
              },
              "scale": {
                "x": 0.999829,
                "y": 0.999829,
                "z": 1
              }
            }
          },
          "$typeName": "TransformComponent"
        }
      ]
    },
    {
      "name": "Wall_10",
      "definition": "asset/objects/environment/wall/wall.object.json",
      "instanced_components": [
        {
          "$context": {
            "transform": {
              "position": {
                "x": 27.5417,
                "y": -1.22435,
                "z": 0
              },
              "rotation": {
                "x": 0,
                "y": 0,
                "z": -0.707683,
                "w": 0.70653
              },
              "scale": {
                "x": 0.999829,
                "y": 0.999829,
                "z": 1
              }
            }
          },
          "$typeName": "TransformComponent"
        }
      ]
    },
    {
      "name": "Wall_11",
      "definition": "asset/objects/environment/wall/wall.object.json",
      "instanced_components": [
        {
          "$context": {
            "transform": {
              "position": {
                "x": 24.1145,
                "y": 11.7602,
                "z": 0
              },
              "rotation": {
                "x": 0,
                "y": 0,
                "z": -0.707683,
                "w": 0.70653
              },
              "scale": {
                "x": 0.999829,
                "y": 0.999829,
                "z": 1
              }
            }
          },
          "$typeName": "TransformComponent"
        }
      ]
    },
    {
      "name": "Wall_12",
      "definition": "asset/objects/environment/wall/wall.object.json",
      "instanced_components": [
        {
          "$context": {
            "transform": {
              "position": {
                "x": 16.9293,
                "y": 11.7602,
                "z": 0
              },
              "rotation": {
                "x": 0,
                "y": 0,
                "z": -0.707683,
                "w": 0.70653
              },
              "scale": {
                "x": 0.999829,
                "y": 0.999829,
                "z": 1
              }
            }
          },
          "$typeName": "TransformComponent"
        }
      ]
    },
    {
      "name": "Wall_13",
      "definition": "asset/objects/environment/wall/wall.object.json",
      "instanced_components": [
        {
          "$context": {
            "transform": {
              "position": {
                "x": -4.55501,
                "y": 15.5394,
                "z": 0
              },
              "rotation": {
                "x": 0,
                "y": 0,
                "z": -0.707683,
                "w": 0.70653
              },
              "scale": {
                "x": 0.999829,
                "y": 0.879828,
                "z": 1
              }
            }
          },
          "$typeName": "TransformComponent"
        }
      ]
    },
    {
      "name": "Wall_14",
      "definition": "asset/objects/environment/wall/wall.object.json",
      "instanced_components": [
        {
          "$context": {
            "transform": {
              "position": {
                "x": -0.22757600247859955,
                "y": 19.879196166992188,
                "z": 0
              },
              "rotation": {
                "w": 1,
                "x": 0,
                "y": 0,
                "z": 0
              },
              "scale": {
                "x": 1,
                "y": 0.89999997615814209,
                "z": 1
              }
            }
          },
          "$typeName": "TransformComponent"
        }
      ]
    },
    {
      "name": "Wall_15",
      "definition": "asset/objects/environment/wall/wall.object.json",
      "instanced_components": [
        {
          "$context": {
            "transform": {
              "position": {
                "x": -23.9121,
                "y": 13.0192,
                "z": 0
              },
              "rotation": {
                "x": 0,
                "y": 0,
                "z": 0,
                "w": 1
              },
              "scale": {
                "x": 1,
                "y": 1,
                "z": 1
              }
            }
          },
          "$typeName": "TransformComponent"
        }
      ]
    },
    {
      "name": "Wall_16",
      "definition": "asset/objects/environment/wall/wall.object.json",
      "instanced_components": [
        {
          "$context": {
            "transform": {
              "position": {
                "x": -26.9155,
                "y": -11.4134,
                "z": 0
              },
              "rotation": {
                "x": 0,
                "y": 0,
                "z": 0,
                "w": 1
              },
              "scale": {
                "x": 1,
                "y": 1,
                "z": 1
              }
            }
          },
          "$typeName": "TransformComponent"
        }
      ]
    },
    {
      "name": "Wall_17",
      "definition": "asset/objects/environment/wall/wall.object.json",
      "instanced_components": [
        {
          "$context": {
            "transform": {
              "position": {
                "x": 23.1772,
                "y": -13.4053,
                "z": 0
              },
              "rotation": {
                "x": 0,
                "y": 0,
                "z": 0,
                "w": 1
              },
              "scale": {
                "x": 1,
                "y": 0.86,
                "z": 1
              }
            }
          },
          "$typeName": "TransformComponent"
        }
      ]
    },
    {
      "name": "WallWithDoor_1",
      "definition": "asset/objects/environment/wall/wall_with_door.object.json",
      "instanced_components": [
        {
          "$context": {
            "transform": {
              "position": {
                "x": -19.083700180053711,
                "y": 3.6104748249053955,
                "z": 0
              },
              "rotation": {
                "w": 1,
                "x": 0,
                "y": 0,
                "z": 0
              },
              "scale": {
                "x": 1,
                "y": 0.87999975681304932,
                "z": 1
              }
            }
          },
          "$typeName": "TransformComponent"
        }
      ]
    },
    {
      "name": "WallWithDoor_2",
      "definition": "asset/objects/environment/wall/wall_with_door.object.json",
      "instanced_components": [
        {
          "$context": {
            "transform": {
              "position": {
                "x": -23.8943,
                "y": 19.4922,
                "z": 0
              },
              "rotation": {
                "x": 0,
                "y": 0,
                "z": 0,
                "w": 1
              },
              "scale": {
                "x": 1,
                "y": 0.86,
                "z": 1
              }
            }
          },
          "$typeName": "TransformComponent"
        }
      ]
    },
    {
      "name": "WallWithDoor_3",
      "definition": "asset/objects/environment/wall/wall_with_door.object.json",
      "instanced_components": [
        {
          "$context": {
            "transform": {
              "position": {
                "x": -8.84542,
                "y": 19.4922,
                "z": 0
              },
              "rotation": {
                "x": 0,
                "y": 0,
                "z": 0,
                "w": 1
              },
              "scale": {
                "x": 1,
                "y": 0.86,
                "z": 1
              }
            }
          },
          "$typeName": "TransformComponent"
        }
      ]
    },
    {
      "name": "WallWithDoor_4",
      "definition": "asset/objects/environment/wall/wall_with_door.object.json",
      "instanced_components": [
        {
          "$context": {
            "transform": {
              "position": {
                "x": 20.2928,
                "y": 15.6586,
                "z": 0
              },
              "rotation": {
                "x": 0,
                "y": 0,
                "z": 0,
                "w": 1
              },
              "scale": {
                "x": 1,
                "y": 0.86,
                "z": 1
              }
            }
          },
          "$typeName": "TransformComponent"
        }
      ]
    },
    {
      "name": "WallWithDoor_5",
      "definition": "asset/objects/environment/wall/wall_with_door.object.json",
      "instanced_components": [
        {
          "$context": {
            "transform": {
              "position": {
                "x": 36.2481,
                "y": 7.65696,
                "z": 0
              },
              "rotation": {
                "x": 0,
                "y": 0,
                "z": -0.707683,
                "w": 0.70653
              },
              "scale": {
                "x": 1,
                "y": 0.86,
                "z": 1
              }
            }
          },
          "$typeName": "TransformComponent"
        }
      ]
    },
    {
      "name": "WallWithWindow_1",
      "definition": "asset/objects/environment/wall/wall_with_window.object.json",
      "instanced_components": [
        {
          "$context": {
            "transform": {
              "position": {
                "x": -26.9268,
                "y": -19.3617,
                "z": 0
              },
              "rotation": {
                "x": 0,
                "y": 0,
                "z": 0,
                "w": 1
              },
              "scale": {
                "x": 1,
                "y": 1,
                "z": 1
              }
            }
          },
          "$typeName": "TransformComponent"
        }
      ]
    },
    {
      "name": "WallWithWindow_2",
      "definition": "asset/objects/environment/wall/wall_with_window.object.json",
      "instanced_components": [
        {
          "$context": {
            "transform": {
              "position": {
                "x": 32.364448547363281,
                "y": 3.2151899337768555,
                "z": 0
              },
              "rotation": {
                "w": 1,
                "x": 0,
                "y": 0,
                "z": 0
              },
              "scale": {
                "x": 1,
                "y": 0.90999966859817505,
                "z": 1
              }
            }
          },
          "$typeName": "TransformComponent"
        }
      ]
    },
    {
      "name": "WallBlock_1",
      "definition": "asset/objects/environment/wall/wall_block.object.json",
      "instanced_components": [
        {
          "$context": {
            "transform": {
              "position": {
                "x": 5.70719,
                "y": 13.5344,
                "z": 0
              },
              "rotation": {
                "x": 0,
                "y": 0,
                "z": 0,
                "w": 1
              },
              "scale": {
                "x": 1,
                "y": 1,
                "z": 1
              }
            }
          },
          "$typeName": "TransformComponent"
        }
      ]
    },
    {
      "name": "WallBlock_2",
      "definition": "asset/objects/environment/wall/wall_block.object.json",
      "instanced_components": [
        {
          "$context": {
            "transform": {
              "position": {
                "x": 3.87136,
                "y": -1.51802,
                "z": 0
              },
              "rotation": {
                "x": 0,
                "y": 0,
                "z": 0,
                "w": 1
              },
              "scale": {
                "x": 1,
                "y": 1,
                "z": 1
              }
            }
          },
          "$typeName": "TransformComponent"
        }
      ]
    },
    {
      "name": "Stairs",
      "definition": "asset/objects/environment/stairs/stairs.object.json",
      "instanced_components": [
        {
          "$context": {
            "transform": {
              "position": {
                "x": 5.87136,
                "y": -1.51802,
                "z": 0
              },
              "rotation": {
                "x": 0,
                "y": 0,
                "z": 0,
                "w": 1
              },
              "scale": {
                "x": 1,
                "y": 1,
                "z": 1
              }
            }
          },
          "$typeName": "TransformComponent"
        }
      ]
    },
    {
      "name": "Ground",
      "definition": "asset/objects/environment/floor/floor.object.json",
      "instanced_components": [
        {
          "$context": {
            "transform": {
              "rotation": {},
              "scale": {
                "x": 1,
                "y": 1,
                "z": 1
              },
              "position": {
                "x": 0,
                "y": 0,
                "z": 0
              }
            }
          },
          "$typeName": "TransformComponent"
        }
      ]
    },
    {
      "name": "Fence",
      "transform": {
        "rotation": {},
        "scale": {
          "x": 1,
          "y": 1,
          "z": 1
        },
        "position": {
          "x": 0,
          "y": 0,
          "z": 0
        }
      },
      "definition": "asset/objects/environment/fence/fence.object.json",
      "instanced_components": [
        {
          "$context": {
            "transform": {
              "rotation": {},
              "scale": {
                "x": 1,
                "y": 1,
                "z": 1
              },
              "position": {
                "x": 0,
                "y": 0,
                "z": 0
              }
            }
          },
          "$typeName": "TransformComponent"
        }
      ]
    }
  ]
}