{
  "gravity": {
    "x": 0,
    "y": 0,
    "z": -15
  },
  "objects": [
    {
      "name": "Wall_1",
      "instanced_components": [
        {
          "context": {
            "transform": {
              "position": {
                "x": 1.94597,
                "y": -0.38554,
                "z": 0
              },
              "rotation": {
                "x": 0,
                "y": 0,
                "z": -0.707683,
                "w": 0.70653
              },
              "scale": {
                "x": 0.999993,
                "y": 0.999993,
                "z": 1
              }
            }
          },
          "typeName": "TransformComponent"
        }
      ],
      "definition": "asset/objects/environment/wall/barricada.obj"
    },
    {
      "name": "Wall_2",
      "instanced_components": [
        {
          "context": {
            "transform": {
              "position": {
                "x": -7.9951,
                "y": -0.38554,
                "z": 0
              },
              "rotation": {
                "x": 0,
                "y": 0,
                "z": -0.707683,
                "w": 0.70653
              },
              "scale": {
                "x": 0.999918,
                "y": 0.999918,
                "z": 1
              }
            }
          },
          "typeName": "TransformComponent"
        }
      ],
      "definition": "asset/objects/environment/wall/barricada.obj"
    },
    {
      "name": "Fence",
      "definition": "asset/objects/environment/fence/fence.obj",
      "instanced_components": [
        {
          "context": {
            "transform": {
              "rotation": {},
              "scale": {
                "x": 1,
                "y": 1,
                "z": 1
              },
              "position": {
                "x": 0,
                "y": 0,
                "z": 0
              }
            }
          },
          "typeName": "TransformComponent"
        }
      ]
    }
  ]
}