{
    "gravity": {
      "x": 0,
      "y": 0,
      "z": -15
    },
    "objects": [
      {
        "name": "Wall_1",
        "instanced_components": [
          {
            "context": {
                "position": {
                  "x": 1.94597,
                  "y": -0.38554,
                  "z": 0
                },
                "rotation": {
                  "x": 0,
                  "y": 0,
                  "z": -0.707683,
                  "w": 0.70653
                },
                "scale": {
                  "x": 0.999993,
                  "y": 0.999993,
                  "z": 1
                }
            },
            "typeName": "Transform"
          },
          {
            "context": {
                "modelPath":"objects/environment/wall/barricada.obj"
            },
            "typeName": "ModelMesh"
          }
        ],
        "definition": "objects/environment/wall/barricada.obj"
      },
      {
        "name": "Wall_2",
        "instanced_components": [
          {
            "context": {
                "position": {
                  "x": 0.94597,
                  "y": -0.38554,
                  "z": -0.5
                },
                "rotation": {
                  "x": 0,
                  "y": 0,
                  "z": -0.707683,
                  "w": 0.70653
                },
                "scale": {
                  "x": 0.999918,
                  "y": 0.999918,
                  "z": 1
                }
            },
            "typeName": "Transform"
          },
          {
            "context": {
                "modelPath":"objects/environment/wall/barricada.obj",
                "materials":["wall.json"]
            },
            "typeName": "ModelMesh"
          }
        ],
        "definition": "objects/environment/wall/barricada.obj"
      },
      {
        "name": "Fence",
        "definition": "objects/environment/fence/fence.obj",
        "instanced_components": [
          {
            "context": {
                "rotation": {
                  "x": 0,
                  "y": 0,
                  "z": -0.707683,
                  "w": 0.70653
                },
                "scale": {
                  "x": 1,
                  "y": 1,
                  "z": 1
                },
                "position": {
                  "x": 0,
                  "y": 0,
                  "z": 0
              }
            },
            "typeName": "Transform"
          },
          {
            "context": {
                "modelPath":"objects/environment/fence/fence.obj"
            },
            "typeName": "ModelMesh"
          }
        ]
      }
    ]
  }