{
    "components": [
        {
            "$typeName": "TransformComponent",
            "$context": {
              "transform": {
                "position": {
                  "x": 0,
                  "y": 0,
                  "z": 0
                },
                "rotation": {
                  "x": 0,
                  "y": 0,
                  "z": 0,
                  "w": 1
                },
                "scale": {
                  "x": 1,
                  "y": 1,
                  "z": 1
                }
              }
            }
        },
        {
            "$typeName": "MeshComponent",
            "$context": {
                "mesh_res": {
                    "sub_meshes": [
                        {
                            "material": "asset/objects/environment/_material/gold.material.json",
                            "obj_file_ref": "asset/objects/environment/wall/components/mesh/wall.obj",
                            "transform": {
                                "position": {
                                    "x": 0,
                                    "y": 0,
                                    "z": 0
                                },
                                "rotation": {
                                    "w": 1,
                                    "x": 0,
                                    "y": 0,
                                    "z": 0
                                },
                                "scale": {
                                    "x": 1,
                                    "y": 1,
                                    "z": 1
                                }
                            }
                        }
                    ]
                }
            }
        }
    ]
}