{
    "components": [
        {
            "$context": {
              "transform": {
                "position": {
                  "x": 0,
                  "y": 0,
                  "z": 0
                },
                "rotation": {
                  "x": 0,
                  "y": 0,
                  "z": 0,
                  "w": 1
                },
                "scale": {
                  "x": 1,
                  "y": 1,
                  "z": 1
                }
              }
            },
            "$typeName": "TransformComponent"
        },
        {
            "$context": {
                "rigidbody_res": {
                    "actor_type": 1,
                    "inverse_mass": 0,
                    "shapes": [
                        {
                            "geometry": {
                                "$context": {
                                    "half_extents": {
                                        "x": 1,
                                        "y": 1,
                                        "z": 1
                                    }
                                },
                                "$typeName": "Box"
                            },
                            "local_transform": {
                                "position": {
                                    "x": 0,
                                    "y": 0,
                                    "z": 1
                                },
                                "rotation": {
                                    "w": 1,
                                    "x": 0,
                                    "y": 0,
                                    "z": 0
                                },
                                "scale": {
                                    "x": 1,
                                    "y": 1,
                                    "z": 1
                                }
                            }
                        }
                    ]
                }
            },
            "$typeName": "RigidBodyComponent"
        },
        {
            "$context": {
                "mesh_res": {
                    "sub_meshes": [
                        {
                            "material": "asset/objects/environment/_material/gold.material.json",
                            "obj_file_ref": "asset/objects/environment/wall/components/mesh/wall_block.obj",
                            "transform": {
                                "position": {
                                    "x": 0,
                                    "y": 0,
                                    "z": 0
                                },
                                "rotation": {
                                    "w": 1,
                                    "x": 0,
                                    "y": 0,
                                    "z": 0
                                },
                                "scale": {
                                    "x": 1,
                                    "y": 1,
                                    "z": 1
                                }
                            }
                        }
                    ]
                }
            },
            "$typeName": "MeshComponent"
        }
    ]
}